index,date,account_name,amount,message,vs,name
0,2025-01-31,,-5.0,Zverejňovanie účtu,,Peter Pellegrini
1,2025-01-31,,-6.0,Poplatok za vedenie účtu,,Peter Pellegrini
2,2025-01-31,,-10.0,"Vedenie Platobnej karty embosovanej,2316,5,Karta č. 4544 12** **** 5031Poplatok za Platobnú kartu",,Peter Pellegrini
3,2024-12-31,,-5.0,Zverejňovanie účtu,,Peter Pellegrini
4,2024-12-31,,-6.0,Poplatok za vedenie účtu,,Peter Pellegrini
5,2024-12-31,,-10.0,"Vedenie Platobnej karty embosovanej,2316,5,Karta č. 4544 12** **** 5031Poplatok za Platobnú kartu",,Peter Pellegrini
6,2024-11-30,,-5.0,Zverejňovanie účtu,,Peter Pellegrini
7,2024-11-30,,-6.0,Poplatok za vedenie účtu,,Peter Pellegrini
8,2024-11-30,,-10.0,"Vedenie Platobnej karty embosovanej,2316,5,Karta č. 4544 12** **** 5031Poplatok za Platobnú kartu",,Peter Pellegrini
9,2024-10-31,,-5.0,Zverejňovanie účtu,,Peter Pellegrini
10,2024-10-31,,-6.0,Poplatok za vedenie účtu,,Peter Pellegrini
11,2024-10-31,,-10.0,"Vedenie Platobnej karty embosovanej,2316,5,Karta č. 4544 12** **** 5031Poplatok za Platobnú kartu",,Peter Pellegrini
12,2024-09-30,,-10.0,"Vedenie Platobnej karty embosovanej,2316,5,Karta č. 4544 12** **** 5031Poplatok za Platobnú kartu",,Peter Pellegrini
13,2024-09-30,,-6.0,Poplatok za vedenie účtu,,Peter Pellegrini
14,2024-09-30,,-5.0,Zverejňovanie účtu,,Peter Pellegrini
15,2024-08-31,,-5.0,Zverejňovanie účtu,,Peter Pellegrini
16,2024-08-31,,-6.0,Poplatok za vedenie účtu,,Peter Pellegrini
17,2024-08-31,,-10.0,"Vedenie Platobnej karty embosovanej,2316,5,Karta č. 4544 12** **** 5031Poplatok za Platobnú kartu",,Peter Pellegrini
18,2024-07-31,,-5.0,Zverejňovanie účtu,,Peter Pellegrini
19,2024-07-31,,-6.0,Poplatok za vedenie účtu,,Peter Pellegrini
20,2024-07-31,,-10.0,"Vedenie Platobnej karty embosovanej,2316,5,Karta č. 4544 12** **** 5031Poplatok za Platobnú kartu",,Peter Pellegrini
21,2024-06-30,,-5.0,Zverejňovanie účtu,,Peter Pellegrini
22,2024-06-30,,-6.0,Poplatok za vedenie účtu,,Peter Pellegrini
23,2024-06-30,,-8.0,"Vedenie Platobnej karty embosovanej,2316,5,Karta č. 4544 12** **** 5031Poplatok za Platobnú kartu",,Peter Pellegrini
24,2024-05-31,,-5.0,Zverejňovanie účtu,,Peter Pellegrini
25,2024-05-31,,-8.0,"Vedenie Platobnej karty embosovanej,2316,5,Karta č. 4544 12** **** 5031Poplatok za Platobnú kartu",,Peter Pellegrini
26,2024-05-27,Creo,-9000.0,"Uhrada faktury VS:232405001, za kampaňový tím, správu soc. media, fotografa",232405001.0,Peter Pellegrini
27,2024-05-27,Creo,-48336.0,"Uhrada faktury VS:232403004, za ooh kampaň v mesiaci marec",232403004.0,Peter Pellegrini
28,2024-05-10,Creo,-44400.0,"Uhrada faktury VS:232405002, za tlac a distribuciu volebnych novin c.2",232405002.0,Peter Pellegrini
29,2024-05-02,,-12.18,"B1795157285-44544 12** **** 5031;GOOGLE *ADS9014062737 ,cc@google.com ,IE ;01.05.2024 18:01:22 ;CashBack:0 EUR",,Peter Pellegrini
30,2024-04-30,,-5.0,Zverejňovanie účtu,,Peter Pellegrini
31,2024-04-30,,-8.0,"Vedenie Platobnej karty embosovanej,2316,5,Karta č. 4544 12** **** 5031Poplatok za Platobnú kartu",,Peter Pellegrini
32,2024-04-18,,-454.15,"B1783573630-44544 12** **** 5031;FACEBK NSHFWZTA42 ,fb.me/ads ,IE ;17.04.2024 10:16:53 ;CashBack:0 EUR",,Peter Pellegrini
33,2024-04-17,Creo,-84840.0,"Uhrada faktury VS:232403003, za ooh kampaň v mesiaci február",232403003.0,Peter Pellegrini
34,2024-04-10,Creo,-3180.0,"Uhrada faktury VS:232403006, za inzerciu v rozhlase",232403006.0,Peter Pellegrini
35,2024-04-10,HLAS - sociálna demokracia,250000.0,prevod Pellegrini - prezident. volby,,Peter Pellegrini
36,2024-04-10,Creo,-17388.0,"Uhrada faktury VS:232403005, za tvorbu online a TV spotu",232403005.0,Peter Pellegrini
37,2024-04-10,Freedom Factory,-9970.4,"Úhrada faktúry: 20240003, za zabezpečenie eventu 2.4.2024 v Novom Meste nad Váhom",20240003.0,Peter Pellegrini
38,2024-04-10,Creo,-1920.0,"Uhrada faktury VS:232403008, za prenájom lietadla",232403008.0,Peter Pellegrini
39,2024-04-10,Creo,-960.0,"Uhrada faktury VS:232403009, za usporiadanie podujatia 27.3. Kráľovský Chlmec",232403009.0,Peter Pellegrini
40,2024-04-10,Creo,-35400.0,"Uhrada faktury VS:232403010, za nákup mediálneho priestoru v TV",232403010.0,Peter Pellegrini
41,2024-04-10,Creo,-14160.0,"Uhrada faktury VS:232403007, za tlač a distribúciu vilebných novín č.2",232403007.0,Peter Pellegrini
42,2024-04-10,Freedom Factory,-14669.76,"Úhrada faktúry: 20240004, za zabezpečenie eventu 3.4.2024 v Bratislave",20240004.0,Peter Pellegrini
43,2024-04-04,,-900.0,"B1772171261-44544 12** **** 5031;FACEBK S4VWDZTA42 ,fb.me/ads ,IE ;03.04.2024 21:02:12 ;CashBack:0 EUR",,Peter Pellegrini
44,2024-04-04,,-900.0,"B1772170234-44544 12** **** 5031;FACEBK JCCVBY7B42 ,fb.me/ads ,IE ;03.04.2024 19:27:24 ;CashBack:0 EUR",,Peter Pellegrini
45,2024-04-04,,-900.0,"B1772132891-44544 12** **** 5031;FACEBK 8C9E8ZTB42 ,fb.me/ads ,IE ;03.04.2024 15:54:50 ;CashBack:0 EUR",,Peter Pellegrini
46,2024-04-04,,-500.0,"B1772128937-44544 12** **** 5031;GOOGLE *ADS9014062737 ,cc@google.com ,IE ;03.04.2024 21:58:57 ;CashBack:0 EUR",,Peter Pellegrini
47,2024-04-04,,-500.0,"B1772128451-44544 12** **** 5031;GOOGLE *ADS9014062737 ,cc@google.com ,IE ;03.04.2024 18:33:32 ;CashBack:0 EUR",,Peter Pellegrini
48,2024-04-04,,-900.0,"B1772126830-44544 12** **** 5031;FACEBK M7EEDZTA42 ,fb.me/ads ,IE ;03.04.2024 11:21:49 ;CashBack:0 EUR",,Peter Pellegrini
49,2024-04-04,,-500.0,"B1772121816-44544 12** **** 5031;GOOGLE *ADS9014062737 ,cc@google.com ,IE ;03.04.2024 15:27:17 ;CashBack:0 EUR",,Peter Pellegrini
50,2024-04-04,,-500.0,"B1772103853-44544 12** **** 5031;GOOGLE *ADS9014062737 ,cc@google.com ,IE ;03.04.2024 09:24:04 ;CashBack:0 EUR",,Peter Pellegrini
51,2024-04-04,,-500.0,"B1772072029-44544 12** **** 5031;GOOGLE *ADS9014062737 ,cc@google.com ,IE ;03.04.2024 12:24:12 ;CashBack:0 EUR",,Peter Pellegrini
52,2024-04-03,,-500.0,"B1771346798-44544 12** **** 5031;GOOGLE *ADS9014062737 ,cc@google.com ,IE ;02.04.2024 19:18:35 ;CashBack:0 EUR",,Peter Pellegrini
53,2024-04-03,,-500.0,"B1771355588-44544 12** **** 5031;GOOGLE *ADS9014062737 ,cc@google.com ,IE ;02.04.2024 08:18:33 ;CashBack:0 EUR",,Peter Pellegrini
54,2024-04-03,,-500.0,"B1771355399-44544 12** **** 5031;GOOGLE *ADS9014062737 ,cc@google.com ,IE ;02.04.2024 14:18:31 ;CashBack:0 EUR",,Peter Pellegrini
55,2024-04-03,,-500.0,"B1771347863-44544 12** **** 5031;GOOGLE *ADS9014062737 ,cc@google.com ,IE ;02.04.2024 21:18:05 ;CashBack:0 EUR",,Peter Pellegrini
56,2024-04-03,,-500.0,"B1771367549-44544 12** **** 5031;GOOGLE *ADS9014062737 ,cc@google.com ,IE ;02.04.2024 10:48:31 ;CashBack:0 EUR",,Peter Pellegrini
57,2024-04-03,,-900.0,"B1771962745-44544 12** **** 5031;FACEBK FH8SXXPB42 ,fb.me/ads ,IE ;03.04.2024 04:35:59 ;CashBack:0 EUR",,Peter Pellegrini
58,2024-04-03,,-900.0,"B1771392664-44544 12** **** 5031;FACEBK EUHN8ZKB42 ,fb.me/ads ,IE ;02.04.2024 18:22:47 ;CashBack:0 EUR",,Peter Pellegrini
59,2024-04-03,,-900.0,"B1771376787-44544 12** **** 5031;FACEBK GFXMKYFB42 ,fb.me/ads ,IE ;02.04.2024 07:14:04 ;CashBack:0 EUR",,Peter Pellegrini
60,2024-04-02,,-900.0,"B1771147179-44544 12** **** 5031;FACEBK ZFFNQ3CB42 ,fb.me/ads ,IE ;01.04.2024 19:52:41 ;CashBack:0 EUR",,Peter Pellegrini
61,2024-04-02,,-900.0,"B1771129172-44544 12** **** 5031;FACEBK NA347ZKB42 ,fb.me/ads ,IE ;01.04.2024 11:39:03 ;CashBack:0 EUR",,Peter Pellegrini
62,2024-04-02,,-500.0,"B1771125630-44544 12** **** 5031;GOOGLE *ADS9014062737 ,cc@google.com ,IE ;01.04.2024 20:50:36 ;CashBack:0 EUR",,Peter Pellegrini
63,2024-04-02,,-500.0,"B1771117211-44544 12** **** 5031;GOOGLE *ADS9014062737 ,cc@google.com ,IE ;01.04.2024 19:46:41 ;CashBack:0 EUR",,Peter Pellegrini
64,2024-04-02,,-500.0,"B1771115076-44544 12** **** 5031;GOOGLE *ADS9014062737 ,cc@google.com ,IE ;01.04.2024 17:55:48 ;CashBack:0 EUR",,Peter Pellegrini
65,2024-04-02,,-500.0,"B1771076592-44544 12** **** 5031;GOOGLE *ADS9014062737 ,cc@google.com ,IE ;01.04.2024 16:48:40 ;CashBack:0 EUR",,Peter Pellegrini
66,2024-04-02,,-1500.0,"B1771073862-44544 12** **** 5031;GOOGLE *ADS9014062737 ,cc@google.com ,IE ;01.04.2024 15:05:30 ;CashBack:0 EUR",,Peter Pellegrini
67,2024-04-01,,-500.0,"B1770843684-44544 12** **** 5031;GOOGLE *ADS9014062737 ,cc@google.com ,IE ;31.03.2024 12:56:07 ;CashBack:0 EUR",,Peter Pellegrini
68,2024-04-01,,-500.0,"B1770832484-44544 12** **** 5031;GOOGLE *ADS9014062737 ,cc@google.com ,IE ;31.03.2024 18:57:16 ;CashBack:0 EUR",,Peter Pellegrini
69,2024-04-01,,-900.0,"B1770829697-44544 12** **** 5031;FACEBK H8W36ZKB42 ,fb.me/ads ,IE ;31.03.2024 15:47:24 ;CashBack:0 EUR",,Peter Pellegrini
70,2024-04-01,,-500.0,"B1770857693-44544 12** **** 5031;GOOGLE *ADS9014062737 ,cc@google.com ,IE ;31.03.2024 10:26:30 ;CashBack:0 EUR",,Peter Pellegrini
71,2024-04-01,,-900.0,"B1770883437-44544 12** **** 5031;FACEBK D9PLP3CB42 ,fb.me/ads ,IE ;31.03.2024 22:49:59 ;CashBack:0 EUR",,Peter Pellegrini
72,2024-04-01,,-500.0,"B1770871045-44544 12** **** 5031;GOOGLE *ADS9014062737 ,cc@google.com ,IE ;31.03.2024 15:56:12 ;CashBack:0 EUR",,Peter Pellegrini
73,2024-03-31,,-500.0,"B1770083483-44544 12** **** 5031;GOOGLE *ADS9014062737 ,cc@google.com ,IE ;30.03.2024 08:52:06 ;CashBack:0 EUR",,Peter Pellegrini
74,2024-03-31,,-8.0,"Vedenie Platobnej karty embosovanej,2316,5,Karta č. 4544 12** **** 5031Poplatok za Platobnú kartu",,Peter Pellegrini
75,2024-03-31,,-900.0,"B1770073475-44544 12** **** 5031;FACEBK N4VF6Y7B42 ,fb.me/ads ,IE ;30.03.2024 08:01:31 ;CashBack:0 EUR",,Peter Pellegrini
76,2024-03-31,,-500.0,"B1770082624-44544 12** **** 5031;GOOGLE *ADS9014062737 ,cc@google.com ,IE ;30.03.2024 14:52:00 ;CashBack:0 EUR",,Peter Pellegrini
77,2024-03-31,,-500.0,"B1770086313-44544 12** **** 5031;GOOGLE *ADS9014062737 ,cc@google.com ,IE ;30.03.2024 17:22:13 ;CashBack:0 EUR",,Peter Pellegrini
78,2024-03-31,,-500.0,"B1770118159-44544 12** **** 5031;GOOGLE *ADS9014062737 ,cc@google.com ,IE ;30.03.2024 12:23:09 ;CashBack:0 EUR",,Peter Pellegrini
79,2024-03-31,,-500.0,"B1770126217-44544 12** **** 5031;GOOGLE *ADS9014062737 ,cc@google.com ,IE ;30.03.2024 20:51:15 ;CashBack:0 EUR",,Peter Pellegrini
80,2024-03-31,,-900.0,"B1770547467-44544 12** **** 5031;FACEBK NEDT9Y3B42 ,fb.me/ads ,IE ;31.03.2024 03:22:00 ;CashBack:0 EUR",,Peter Pellegrini
81,2024-03-31,,-5.0,Zverejňovanie účtu,,Peter Pellegrini
82,2024-03-30,,-500.0,"B1768664323-44544 12** **** 5031;GOOGLE *ADS9014062737 ,cc@google.com ,IE ;28.03.2024 10:36:40 ;CashBack:0 EUR",,Peter Pellegrini
83,2024-03-30,,-900.0,"B1768682499-44544 12** **** 5031;FACEBK AG4HK3CB42 ,fb.me/ads ,IE ;28.03.2024 14:25:46 ;CashBack:0 EUR",,Peter Pellegrini
84,2024-03-30,,-500.0,"B1768678966-44544 12** **** 5031;GOOGLE *ADS9014062737 ,cc@google.com ,IE ;28.03.2024 07:35:36 ;CashBack:0 EUR",,Peter Pellegrini
85,2024-03-30,,-500.0,"B1768684675-44544 12** **** 5031;GOOGLE *ADS9014062737 ,cc@google.com ,IE ;28.03.2024 13:38:16 ;CashBack:0 EUR",,Peter Pellegrini
86,2024-03-30,,-500.0,"B1768802653-44544 12** **** 5031;GOOGLE *ADS9014062737 ,cc@google.com ,IE ;28.03.2024 16:38:15 ;CashBack:0 EUR",,Peter Pellegrini
87,2024-03-30,,-500.0,"B1768729359-44544 12** **** 5031;GOOGLE *ADS9014062737 ,cc@google.com ,IE ;28.03.2024 19:38:15 ;CashBack:0 EUR",,Peter Pellegrini
88,2024-03-30,,-500.0,"B1769737156-44544 12** **** 5031;GOOGLE *ADS9014062737 ,cc@google.com ,IE ;29.03.2024 08:07:49 ;CashBack:0 EUR",,Peter Pellegrini
89,2024-03-30,,-900.0,"B1769420354-44544 12** **** 5031;FACEBK TRKAEYFB42 ,fb.me/ads ,IE ;29.03.2024 00:05:31 ;CashBack:0 EUR",,Peter Pellegrini
90,2024-03-30,,-500.0,"B1769733707-44544 12** **** 5031;GOOGLE *ADS9014062737 ,cc@google.com ,IE ;29.03.2024 17:11:47 ;CashBack:0 EUR",,Peter Pellegrini
91,2024-03-30,,-500.0,"B1769738468-44544 12** **** 5031;GOOGLE *ADS9014062737 ,cc@google.com ,IE ;29.03.2024 14:11:41 ;CashBack:0 EUR",,Peter Pellegrini
92,2024-03-30,,-500.0,"B1769745105-44544 12** **** 5031;GOOGLE *ADS9014062737 ,cc@google.com ,IE ;29.03.2024 20:11:33 ;CashBack:0 EUR",,Peter Pellegrini
93,2024-03-30,,-900.0,"B1769757833-44544 12** **** 5031;FACEBK EKE9SXPB42 ,fb.me/ads ,IE ;29.03.2024 15:46:57 ;CashBack:0 EUR",,Peter Pellegrini
94,2024-03-30,,-500.0,"B1769825121-44544 12** **** 5031;GOOGLE *ADS9014062737 ,cc@google.com ,IE ;29.03.2024 11:37:42 ;CashBack:0 EUR",,Peter Pellegrini
95,2024-03-28,,-900.0,"B1767859123-44544 12** **** 5031;FACEBK JVKY5Y3B42 ,fb.me/ads ,IE ;27.03.2024 21:07:40 ;CashBack:0 EUR",,Peter Pellegrini
96,2024-03-28,,-500.0,"B1767848577-44544 12** **** 5031;GOOGLE *ADS9014062737 ,cc@google.com ,IE ;27.03.2024 18:27:53 ;CashBack:0 EUR",,Peter Pellegrini
97,2024-03-28,,-500.0,"B1767780301-44544 12** **** 5031;GOOGLE *ADS9014062737 ,cc@google.com ,IE ;27.03.2024 13:28:48 ;CashBack:0 EUR",,Peter Pellegrini
98,2024-03-28,,-500.0,"B1767729333-44544 12** **** 5031;GOOGLE *ADS9014062737 ,cc@google.com ,IE ;27.03.2024 08:28:49 ;CashBack:0 EUR",,Peter Pellegrini
99,2024-03-28,,-500.0,"B1767719498-44544 12** **** 5031;GOOGLE *ADS9014062737 ,cc@google.com ,IE ;27.03.2024 09:57:34 ;CashBack:0 EUR",,Peter Pellegrini
100,2024-03-28,,-500.0,"B1767713620-44544 12** **** 5031;GOOGLE *ADS9014062737 ,cc@google.com ,IE ;27.03.2024 11:27:44 ;CashBack:0 EUR",,Peter Pellegrini
101,2024-03-27,,-500.0,"B1766960474-44544 12** **** 5031;GOOGLE *ADS9014062737 ,cc@google.com ,IE ;26.03.2024 20:57:31 ;CashBack:0 EUR",,Peter Pellegrini
102,2024-03-27,,-500.0,"B1766972109-44544 12** **** 5031;GOOGLE *ADS9014062737 ,cc@google.com ,IE ;26.03.2024 22:27:22 ;CashBack:0 EUR",,Peter Pellegrini
103,2024-03-27,,-900.0,"B1766964704-44544 12** **** 5031;FACEBK 6X8XNXPB42 ,fb.me/ads ,IE ;26.03.2024 18:02:03 ;CashBack:0 EUR",,Peter Pellegrini
104,2024-03-21,,-500.0,"B1761162641-44544 12** **** 5031;GOOGLE *ADS9014062737 ,cc@google.com ,IE ;19.03.2024 11:06:43 ;CashBack:0 EUR",,Peter Pellegrini
105,2024-03-21,,-500.0,"B1761168610-44544 12** **** 5031;GOOGLE *ADS9014062737 ,cc@google.com ,IE ;19.03.2024 12:36:47 ;CashBack:0 EUR",,Peter Pellegrini
106,2024-03-21,,-500.0,"B1761207559-44544 12** **** 5031;GOOGLE *ADS9014062737 ,cc@google.com ,IE ;19.03.2024 07:36:50 ;CashBack:0 EUR",,Peter Pellegrini
107,2024-03-21,,-900.0,"B1761314342-44544 12** **** 5031;FACEBK 9TN64YFB42 ,fb.me/ads ,IE ;19.03.2024 19:27:39 ;CashBack:0 EUR",,Peter Pellegrini
108,2024-03-21,,-500.0,"B1761208707-44544 12** **** 5031;GOOGLE *ADS9014062737 ,cc@google.com ,IE ;19.03.2024 18:36:49 ;CashBack:0 EUR",,Peter Pellegrini
109,2024-03-21,,-500.0,"B1761208750-44544 12** **** 5031;GOOGLE *ADS9014062737 ,cc@google.com ,IE ;19.03.2024 19:37:00 ;CashBack:0 EUR",,Peter Pellegrini
110,2024-03-21,,-900.0,"B1761209147-44544 12** **** 5031;FACEBK QR67UYTA42 ,fb.me/ads ,IE ;19.03.2024 10:30:17 ;CashBack:0 EUR",,Peter Pellegrini
111,2024-03-21,,-500.0,"B1761224411-44544 12** **** 5031;GOOGLE *ADS9014062737 ,cc@google.com ,IE ;19.03.2024 14:07:11 ;CashBack:0 EUR",,Peter Pellegrini
112,2024-03-21,,-500.0,"B1761233651-44544 12** **** 5031;GOOGLE *ADS9014062737 ,cc@google.com ,IE ;19.03.2024 17:07:06 ;CashBack:0 EUR",,Peter Pellegrini
113,2024-03-21,,-500.0,"B1761244384-44544 12** **** 5031;GOOGLE *ADS9014062737 ,cc@google.com ,IE ;19.03.2024 15:36:40 ;CashBack:0 EUR",,Peter Pellegrini
114,2024-03-21,,-500.0,"B1761316560-44544 12** **** 5031;GOOGLE *ADS9014062737 ,cc@google.com ,IE ;19.03.2024 21:07:00 ;CashBack:0 EUR",,Peter Pellegrini
115,2024-03-21,,-500.0,"B1761316723-44544 12** **** 5031;GOOGLE *ADS9014062737 ,cc@google.com ,IE ;19.03.2024 22:39:38 ;CashBack:0 EUR",,Peter Pellegrini
116,2024-03-21,,-500.0,"B1762169667-44544 12** **** 5031;GOOGLE *ADS9014062737 ,cc@google.com ,IE ;20.03.2024 11:08:52 ;CashBack:0 EUR",,Peter Pellegrini
117,2024-03-21,,-900.0,"B1761982778-44544 12** **** 5031;FACEBK UE3UUYTA42 ,fb.me/ads ,IE ;20.03.2024 00:31:16 ;CashBack:0 EUR",,Peter Pellegrini
118,2024-03-21,,-500.0,"B1762105340-44544 12** **** 5031;GOOGLE *ADS9014062737 ,cc@google.com ,IE ;20.03.2024 17:15:56 ;CashBack:0 EUR",,Peter Pellegrini
119,2024-03-21,,-900.0,"B1762189526-44544 12** **** 5031;FACEBK RKSUA3CB42 ,fb.me/ads ,IE ;20.03.2024 20:31:57 ;CashBack:0 EUR",,Peter Pellegrini
120,2024-03-21,,-500.0,"B1762175577-44544 12** **** 5031;GOOGLE *ADS9014062737 ,cc@google.com ,IE ;20.03.2024 21:14:02 ;CashBack:0 EUR",,Peter Pellegrini
121,2024-03-21,,-500.0,"B1762174614-44544 12** **** 5031;GOOGLE *ADS9014062737 ,cc@google.com ,IE ;20.03.2024 15:45:59 ;CashBack:0 EUR",,Peter Pellegrini
122,2024-03-21,,-900.0,"B1762105591-44544 12** **** 5031;FACEBK 39FGQYTB42 ,fb.me/ads ,IE ;20.03.2024 17:07:16 ;CashBack:0 EUR",,Peter Pellegrini
123,2024-03-21,,-500.0,"B1762032734-44544 12** **** 5031;GOOGLE *ADS9014062737 ,cc@google.com ,IE ;20.03.2024 12:40:00 ;CashBack:0 EUR",,Peter Pellegrini
124,2024-03-21,,-500.0,"B1762084802-44544 12** **** 5031;GOOGLE *ADS9014062737 ,cc@google.com ,IE ;20.03.2024 14:09:15 ;CashBack:0 EUR",,Peter Pellegrini
125,2024-03-21,,-500.0,"B1762042215-44544 12** **** 5031;GOOGLE *ADS9014062737 ,cc@google.com ,IE ;20.03.2024 18:45:54 ;CashBack:0 EUR",,Peter Pellegrini
126,2024-03-21,,-900.0,"B1762034973-44544 12** **** 5031;FACEBK 578U4YFB42 ,fb.me/ads ,IE ;20.03.2024 11:12:07 ;CashBack:0 EUR",,Peter Pellegrini
127,2024-03-21,,-500.0,"B1762036844-44544 12** **** 5031;GOOGLE *ADS9014062737 ,cc@google.com ,IE ;20.03.2024 20:15:34 ;CashBack:0 EUR",,Peter Pellegrini
128,2024-03-21,,-500.0,"B1762087089-44544 12** **** 5031;GOOGLE *ADS9014062737 ,cc@google.com ,IE ;20.03.2024 09:10:00 ;CashBack:0 EUR",,Peter Pellegrini
129,2024-03-19,,-500.0,"B1760687453-44544 12** **** 5031;GOOGLE*ADS9014062737 ,CC GOOGLE.COM ,IE ;18.03.2024 17:06:26 ;CashBack:0 EUR",,Peter Pellegrini
130,2024-03-19,,-900.0,"B1760381500-44544 12** **** 5031;FACEBK C8MXSXXA42 ,fb.me/ads ,IE ;18.03.2024 17:19:46 ;CashBack:0 EUR",,Peter Pellegrini
131,2024-03-19,,-500.0,"B1760355127-44544 12** **** 5031;GOOGLE *ADS9014062737 ,cc@google.com ,IE ;18.03.2024 08:06:19 ;CashBack:0 EUR",,Peter Pellegrini
132,2024-03-18,,-2.9,"B1759851230-44544 12** **** 5031;FACEBK 5T5QSYTA42 ,fb.me/ads ,IE ;17.03.2024 23:58:16 ;CashBack:0 EUR",,Peter Pellegrini
133,2024-03-18,,-900.0,"B1759857995-44544 12** **** 5031;FACEBK QWL92YFB42 ,fb.me/ads ,IE ;17.03.2024 23:58:00 ;CashBack:0 EUR",,Peter Pellegrini
134,2024-03-18,,-2.06,"B1759826127-44544 12** **** 5031;FACEBK HXHCSYTA42 ,fb.me/ads ,IE ;17.03.2024 15:59:58 ;CashBack:0 EUR",,Peter Pellegrini
135,2024-03-18,,-900.0,"B1759824855-44544 12** **** 5031;FACEBK LP5WZXFB42 ,fb.me/ads ,IE ;17.03.2024 15:59:43 ;CashBack:0 EUR",,Peter Pellegrini
136,2024-03-18,,-500.0,"B1759823167-44544 12** **** 5031;GOOGLE *ADS9014062737 ,cc@google.com ,IE ;17.03.2024 16:56:35 ;CashBack:0 EUR",,Peter Pellegrini
137,2024-03-18,,-649.21,"B1759821870-44544 12** **** 5031;FACEBK FQFULYTB42 ,fb.me/ads ,IE ;17.03.2024 06:03:51 ;CashBack:0 EUR",,Peter Pellegrini
138,2024-03-18,,-500.0,"B1759733656-44544 12** **** 5031;GOOGLE *ADS9014062737 ,cc@google.com ,IE ;17.03.2024 09:56:52 ;CashBack:0 EUR",,Peter Pellegrini
139,2024-03-17,,-500.0,"B1758940866-44544 12** **** 5031;GOOGLE *ADS9014062737 ,cc@google.com ,IE ;16.03.2024 17:48:16 ;CashBack:0 EUR",,Peter Pellegrini
140,2024-03-17,,-900.0,"B1758945419-44544 12** **** 5031;FACEBK JR78MYKB42 ,fb.me/ads ,IE ;16.03.2024 07:16:09 ;CashBack:0 EUR",,Peter Pellegrini
141,2024-03-17,,-900.0,"B1759084880-44544 12** **** 5031;FACEBK 5DLFRYTA42 ,fb.me/ads ,IE ;16.03.2024 18:32:11 ;CashBack:0 EUR",,Peter Pellegrini
142,2024-03-17,,-500.0,"B1758964705-44544 12** **** 5031;GOOGLE *ADS9014062737 ,cc@google.com ,IE ;16.03.2024 11:44:24 ;CashBack:0 EUR",,Peter Pellegrini
143,2024-03-16,,-500.0,"B1758022977-44544 12** **** 5031;GOOGLE *ADS9014062737 ,cc@google.com ,IE ;15.03.2024 14:43:38 ;CashBack:0 EUR",,Peter Pellegrini
144,2024-03-16,,-900.0,"B1758087142-44544 12** **** 5031;FACEBK SQ9ZQX3B42 ,fb.me/ads ,IE ;15.03.2024 18:36:15 ;CashBack:0 EUR",,Peter Pellegrini
145,2024-03-16,,-500.0,"B1758075888-44544 12** **** 5031;GOOGLE *ADS9014062737 ,cc@google.com ,IE ;15.03.2024 21:12:52 ;CashBack:0 EUR",,Peter Pellegrini
146,2024-03-15,,-899.96,"B1757859278-44544 12** **** 5031;FACEBK RLBLJYTB42 ,fb.me/ads ,IE ;15.03.2024 03:12:09 ;CashBack:0 EUR",,Peter Pellegrini
147,2024-03-15,,-500.0,"B1757064572-44544 12** **** 5031;GOOGLE *ADS9014062737 ,cc@google.com ,IE ;14.03.2024 19:38:28 ;CashBack:0 EUR",,Peter Pellegrini
148,2024-03-15,,-900.0,"B1757002291-44544 12** **** 5031;FACEBK FWP2PYTA42 ,fb.me/ads ,IE ;14.03.2024 14:14:00 ;CashBack:0 EUR",,Peter Pellegrini
149,2024-03-14,,-900.0,"B1756265536-44544 12** **** 5031;FACEBK DS5B33CB42 ,fb.me/ads ,IE ;13.03.2024 20:45:31 ;CashBack:0 EUR",,Peter Pellegrini
150,2024-03-14,,-500.0,"B1756083527-44544 12** **** 5031;GOOGLE *ADS9014062737 ,cc@google.com ,IE ;13.03.2024 10:38:11 ;CashBack:0 EUR",,Peter Pellegrini
151,2024-03-14,,-500.0,"B1756093924-44544 12** **** 5031;GOOGLE *ADS9014062737 ,cc@google.com ,IE ;13.03.2024 19:38:15 ;CashBack:0 EUR",,Peter Pellegrini
152,2024-03-14,Creo,-39480.0,Uhrada faktury VS:232403002 - za inzercie v printovych mediach v mesiaci februar a marec,232403002.0,Peter Pellegrini
153,2024-03-13,Creo,-1920.0,Uhrada faktury VS:232403001 za zabezpecenie projekcie videa na MDŽ,232403001.0,Peter Pellegrini
154,2024-03-13,,-900.0,"B1756010222-44544 12** **** 5031;FACEBK K6KC23CB42 ,fb.me/ads ,IE ;13.03.2024 01:13:51 ;CashBack:0 EUR",,Peter Pellegrini
155,2024-03-13,,-500.0,"B1755245239-44544 12** **** 5031;GOOGLE *ADS9014062737 ,cc@google.com ,IE ;12.03.2024 12:35:33 ;CashBack:0 EUR",,Peter Pellegrini
156,2024-03-12,,-900.0,"B1755162548-44544 12** **** 5031;FACEBK 5ETBJX7B42 ,fb.me/ads ,IE ;12.03.2024 00:03:28 ;CashBack:0 EUR",,Peter Pellegrini
157,2024-03-12,,-500.0,"B1754538128-44544 12** **** 5031;GOOGLE *ADS9014062737 ,cc@google.com ,IE ;11.03.2024 13:03:16 ;CashBack:0 EUR",,Peter Pellegrini
158,2024-03-11,,-900.0,"B1753995487-44544 12** **** 5031;FACEBK H367HX7B42 ,fb.me/ads ,IE ;10.03.2024 22:30:14 ;CashBack:0 EUR",,Peter Pellegrini
159,2024-03-11,,-500.0,"B1753923549-44544 12** **** 5031;GOOGLE *ADS9014062737 ,cc@google.com ,IE ;10.03.2024 13:33:14 ;CashBack:0 EUR",,Peter Pellegrini
160,2024-03-10,,-900.0,"B1753297134-44544 12** **** 5031;FACEBK FM6BRXFB42 ,fb.me/ads ,IE ;09.03.2024 21:11:42 ;CashBack:0 EUR",,Peter Pellegrini
161,2024-03-10,,-500.0,"B1753174524-44544 12** **** 5031;GOOGLE *ADS9014062737 ,cc@google.com ,IE ;09.03.2024 14:05:59 ;CashBack:0 EUR",,Peter Pellegrini
162,2024-03-10,,-500.0,"B1752288485-44544 12** **** 5031;GOOGLE *ADS9014062737 ,cc@google.com ,IE ;08.03.2024 15:40:24 ;CashBack:0 EUR",,Peter Pellegrini
163,2024-03-08,,-900.0,"B1751446938-44544 12** **** 5031;FACEBK T9GBGX3B42 ,fb.me/ads ,IE ;07.03.2024 22:40:36 ;CashBack:0 EUR",,Peter Pellegrini
164,2024-03-08,,-500.0,"B1751382060-44544 12** **** 5031;GOOGLE *ADS9014062737 ,cc@google.com ,IE ;07.03.2024 18:32:35 ;CashBack:0 EUR",,Peter Pellegrini
165,2024-03-07,,-900.0,"B1750603965-44544 12** **** 5031;FACEBK P72PMXFB42 ,fb.me/ads ,IE ;06.03.2024 14:13:32 ;CashBack:0 EUR",,Peter Pellegrini
166,2024-03-07,,-500.0,"B1750614577-44544 12** **** 5031;GOOGLE *ADS9014062737 ,cc@google.com ,IE ;06.03.2024 14:29:21 ;CashBack:0 EUR",,Peter Pellegrini
167,2024-03-06,,-500.0,"B1749805321-44544 12** **** 5031;GOOGLE *ADS9014062737 ,cc@google.com ,IE ;05.03.2024 17:21:46 ;CashBack:0 EUR",,Peter Pellegrini
168,2024-03-06,Creo,-30504.0,"Uhrada faktury VS:232402007 za produkciu merkantil PP, tlac volebne noviny PP a distribuciu.",232402007.0,Peter Pellegrini
169,2024-03-05,,-900.0,"B1749656111-44544 12** **** 5031;FACEBK GNCCXWPB42 ,fb.me/ads ,IE ;05.03.2024 04:59:03 ;CashBack:0 EUR",,Peter Pellegrini
170,2024-03-05,,-500.0,"B1749135461-44544 12** **** 5031;GOOGLE *ADS9014062737 ,cc@google.com ,IE ;04.03.2024 22:41:04 ;CashBack:0 EUR",,Peter Pellegrini
171,2024-03-05,,-500.0,"B1748970316-44544 12** **** 5031;GOOGLE *ADS9014062737 ,cc@google.com ,IE ;04.03.2024 11:39:59 ;CashBack:0 EUR",,Peter Pellegrini
172,2024-03-04,,-900.0,"B1748555357-44544 12** **** 5031;FACEBK ASAGJXFB42 ,fb.me/ads ,IE ;03.03.2024 20:41:31 ;CashBack:0 EUR",,Peter Pellegrini
173,2024-03-04,,-500.0,"B1748456322-44544 12** **** 5031;GOOGLE *ADS9014062737 ,cc@google.com ,IE ;03.03.2024 14:41:23 ;CashBack:0 EUR",,Peter Pellegrini
174,2024-03-03,,-900.0,"B1747885109-44544 12** **** 5031;FACEBK NZ596YKB42 ,fb.me/ads ,IE ;02.03.2024 19:56:31 ;CashBack:0 EUR",,Peter Pellegrini
175,2024-03-03,,-500.0,"B1747783828-44544 12** **** 5031;GOOGLE *ADS9014062737 ,cc@google.com ,IE ;02.03.2024 17:43:25 ;CashBack:0 EUR",,Peter Pellegrini
176,2024-03-02,,-500.0,"B1746941536-44544 12** **** 5031;GOOGLE *ADS9014062737 ,cc@google.com ,IE ;01.03.2024 15:22:16 ;CashBack:0 EUR",,Peter Pellegrini
177,2024-03-02,,-500.0,"B1746927343-44544 12** **** 5031;GOOGLE *ADS9014062737 ,cc@google.com ,IE ;01.03.2024 19:23:35 ;CashBack:0 EUR",,Peter Pellegrini
178,2024-03-02,,-900.0,"B1747012804-44544 12** **** 5031;FACEBK NJPT7YTA42 ,fb.me/ads ,IE ;01.03.2024 06:41:21 ;CashBack:0 EUR",,Peter Pellegrini
179,2024-03-01,,-500.0,"B1746050891-44544 12** **** 5031;GOOGLE *ADS9014062737 ,cc@google.com ,IE ;29.02.2024 17:31:34 ;CashBack:0 EUR",,Peter Pellegrini
180,2024-02-29,,-5.0,Zverejňovanie účtu,,Peter Pellegrini
181,2024-02-29,,-500.0,"B1745323217-44544 12** **** 5031;GOOGLE *ADS9014062737 ,cc@google.com ,IE ;28.02.2024 19:59:49 ;CashBack:0 EUR",,Peter Pellegrini
182,2024-02-29,,-900.0,"B1745259182-44544 12** **** 5031;FACEBK K26SQWPB42 ,fb.me/ads ,IE ;28.02.2024 16:33:04 ;CashBack:0 EUR",,Peter Pellegrini
183,2024-02-29,,-8.0,"Vedenie Platobnej karty embosovanej,2316,5,Karta č. 4544 12** **** 5031Poplatok za Platobnú kartu",,Peter Pellegrini
184,2024-02-28,,-500.0,"B1744631283-44544 12** **** 5031;GOOGLE *ADS9014062737 ,cc@google.com ,IE ;27.02.2024 21:24:03 ;CashBack:0 EUR",,Peter Pellegrini
185,2024-02-28,,-500.0,"B1744466035-44544 12** **** 5031;GOOGLE *ADS9014062737 ,cc@google.com ,IE ;27.02.2024 06:21:04 ;CashBack:0 EUR",,Peter Pellegrini
186,2024-02-27,,-500.0,"B1743720301-44544 12** **** 5031;GOOGLE *ADS9014062737 ,cc@google.com ,IE ;26.02.2024 11:20:00 ;CashBack:0 EUR",,Peter Pellegrini
187,2024-02-26,,-900.0,"B1743273555-44544 12** **** 5031;FACEBK 28PAZWXA42 ,fb.me/ads ,IE ;25.02.2024 06:04:53 ;CashBack:0 EUR",,Peter Pellegrini
188,2024-02-26,,-500.0,"B1743246866-44544 12** **** 5031;GOOGLE *ADS9014062737 ,cc@google.com ,IE ;25.02.2024 10:33:18 ;CashBack:0 EUR",,Peter Pellegrini
189,2024-02-25,,-900.0,"B1741604676-44544 12** **** 5031;FACEBK *63YB7XFB42 ,fb.me/ads ,IE ;23.02.2024 18:33:30 ;CashBack:0 EUR",,Peter Pellegrini
190,2024-02-22,,-500.0,"B1740059913-44544 12** **** 5031;GOOGLE *ADS9014062737 ,cc@google.com ,IE ;21.02.2024 12:39:00 ;CashBack:0 EUR",,Peter Pellegrini
191,2024-02-20,,-900.0,"B1738443028-44544 12** **** 5031;FACEBK DT6VSWXA42 ,fb.me/ads ,IE ;19.02.2024 19:56:13 ;CashBack:0 EUR",,Peter Pellegrini
192,2024-02-19,,-350.0,"B1737760536-44544 12** **** 5031;GOOGLE *ADS9014062737 ,cc@google.com ,IE ;18.02.2024 14:34:48 ;CashBack:0 EUR",,Peter Pellegrini
193,2024-02-18,,-408.26,"B1737027582-44544 12** **** 5031;FACEBK UZRRXWFB42 ,fb.me/ads ,IE ;17.02.2024 06:43:32 ;CashBack:0 EUR",,Peter Pellegrini
194,2024-02-18,,-10.09,"B1737023532-44544 12** **** 5031;FACEBK PUJRXWFB42 ,fb.me/ads ,IE ;17.02.2024 06:33:32 ;CashBack:0 EUR",,Peter Pellegrini
195,2024-02-16,,-200.0,"B1735621710-44544 12** **** 5031;GOOGLE *ADS9014062737 ,cc@google.com ,IE ;15.02.2024 20:54:41 ;CashBack:0 EUR",,Peter Pellegrini
196,2024-02-16,,-50.0,"B1735246773-44544 12** **** 5031;GOOGLE *ADS9014062737 ,cc@google.com ,IE ;15.02.2024 10:28:44 ;CashBack:0 EUR",,Peter Pellegrini
197,2024-02-16,,-900.0,"B1735321684-44544 12** **** 5031;FACEBK L3GJNXTA42 ,fb.me/ads ,IE ;15.02.2024 23:39:13 ;CashBack:0 EUR",,Peter Pellegrini
198,2024-02-15,,-10.0,"B1734364090-44544 12** **** 5031;GOOGLE *ADS9014062737 ,cc@google.com ,IE ;14.02.2024 21:36:51 ;CashBack:0 EUR",,Peter Pellegrini
199,2024-02-14,,-900.0,"B1733468099-44544 12** **** 5031;FACEBK DSTJFXTB42 ,fb.me/ads ,IE ;13.02.2024 20:20:29 ;CashBack:0 EUR",,Peter Pellegrini
200,2024-02-12,,-900.0,"B1732095717-44544 12** **** 5031;FACEBK A9BSRWFB42 ,fb.me/ads ,IE ;11.02.2024 17:58:56 ;CashBack:0 EUR",,Peter Pellegrini
201,2024-02-12,Creo,-6000.0,"Uhrada faktury VS:232402002, za strategicke konzultacie, dizajn kampane a merkantilu",232402002.0,Peter Pellegrini
202,2024-02-09,Freedom Factory,-36874.33,"Úhrada faktúry: 20240001, za zabezpečenie podujatia ohlásenia kandidatúry v BB dňa 19.1.",20240001.0,Peter Pellegrini
203,2024-02-08,,-900.0,"B1729037329-44544 12** **** 5031;FACEBK TT7CMWFB42 ,fb.me/ads ,IE ;07.02.2024 23:49:18 ;CashBack:0 EUR",,Peter Pellegrini
204,2024-02-07,,-900.0,"B1728245664-44544 12** **** 5031;FACEBK CBLA9XKB42 ,fb.me/ads ,IE ;06.02.2024 20:40:53 ;CashBack:0 EUR",,Peter Pellegrini
205,2024-02-06,,-900.0,"B1727563786-44544 12** **** 5031;FACEBK QVVYPZBB42 ,fb.me/ads ,IE ;05.02.2024 20:27:35 ;CashBack:0 EUR",,Peter Pellegrini
206,2024-02-05,,-900.0,"B1727396931-44544 12** **** 5031;FACEBK BZH67XKB42 ,fb.me/ads ,IE ;05.02.2024 00:27:07 ;CashBack:0 EUR",,Peter Pellegrini
207,2024-02-04,,-900.0,"B1726452365-44544 12** **** 5031;FACEBK E4VZ8WXA42 ,fb.me/ads ,IE ;03.02.2024 22:38:53 ;CashBack:0 EUR",,Peter Pellegrini
208,2024-02-02,,-900.0,"B1724870371-44544 12** **** 5031;FACEBK 5ZWYZWTB42 ,fb.me/ads ,IE ;01.02.2024 22:28:31 ;CashBack:0 EUR",,Peter Pellegrini
209,2024-02-01,,-5.0,"Zmena limitu na karte,2067,5,Karta č. 4544 12** **** 5031Poplatok za zmenu limitu karty",,Peter Pellegrini
210,2024-01-31,,-5.0,Zverejňovanie účtu,,Peter Pellegrini
211,2024-01-31,,-1.55,"Vedenie Platobnej karty embosovanej,2314,5,Karta č. 4544 12** **** 5031Poplatok za Platobnú kartu",,Peter Pellegrini
212,2024-01-30,,-900.0,"B1722625820-44544 12** **** 5031;FACEBK C8WV2W3B42 ,fb.me/ads ,IE ;29.01.2024 08:24:48 ;CashBack:0 EUR",,Peter Pellegrini
213,2024-01-25,HLAS - sociálna demokracia,250000.0,prevod Pellegrini - prezident. volby,,Peter Pellegrini